{
    "Logistic Regression": {
        "accuracy": 0.8697068403908795,
        "precision": 0.8703095818738869,
        "recall": 0.8697068403908795,
        "f1": 0.8699473527253635,
        "auc": 0.9571967972690434,
        "mcc": 0.7986130108851058,
        "confusion_matrix": [
            [
                299,
                0,
                44
            ],
            [
                6,
                570,
                59
            ],
            [
                31,
                60,
                466
            ]
        ],
        "classification_report": {
            "Low": {
                "precision": 0.8898809523809523,
                "recall": 0.8717201166180758,
                "f1-score": 0.8807069219440353,
                "support": 343.0
            },
            "Moderate": {
                "precision": 0.9047619047619048,
                "recall": 0.8976377952755905,
                "f1-score": 0.9011857707509882,
                "support": 635.0
            },
            "High": {
                "precision": 0.8189806678383128,
                "recall": 0.8366247755834829,
                "f1-score": 0.827708703374778,
                "support": 557.0
            },
            "accuracy": 0.8697068403908795,
            "macro avg": {
                "precision": 0.87120784166039,
                "recall": 0.8686608958257164,
                "f1-score": 0.8698671320232672,
                "support": 1535.0
            },
            "weighted avg": {
                "precision": 0.8703095818738869,
                "recall": 0.8697068403908795,
                "f1-score": 0.8699473527253635,
                "support": 1535.0
            }
        }
    },
    "Decision Tree": {
        "accuracy": 0.8592833876221498,
        "precision": 0.8594051743027843,
        "recall": 0.8592833876221498,
        "f1": 0.8592808208976599,
        "auc": 0.8915962357548392,
        "mcc": 0.7830597365914431,
        "confusion_matrix": [
            [
                302,
                1,
                40
            ],
            [
                7,
                566,
                62
            ],
            [
                45,
                61,
                451
            ]
        ],
        "classification_report": {
            "Low": {
                "precision": 0.8531073446327684,
                "recall": 0.880466472303207,
                "f1-score": 0.866571018651363,
                "support": 343.0
            },
            "Moderate": {
                "precision": 0.9012738853503185,
                "recall": 0.8913385826771654,
                "f1-score": 0.8962787015043547,
                "support": 635.0
            },
            "High": {
                "precision": 0.8155515370705244,
                "recall": 0.8096947935368043,
                "f1-score": 0.8126126126126126,
                "support": 557.0
            },
            "accuracy": 0.8592833876221498,
            "macro avg": {
                "precision": 0.8566442556845372,
                "recall": 0.8604999495057255,
                "f1-score": 0.8584874442561102,
                "support": 1535.0
            },
            "weighted avg": {
                "precision": 0.8594051743027843,
                "recall": 0.8592833876221498,
                "f1-score": 0.8592808208976599,
                "support": 1535.0
            }
        }
    },
    "K-Nearest Neighbor": {
        "accuracy": 0.8729641693811075,
        "precision": 0.8753078182899373,
        "recall": 0.8729641693811075,
        "f1": 0.8736558703051484,
        "auc": 0.9649223571421621,
        "mcc": 0.804761158679696,
        "confusion_matrix": [
            [
                305,
                0,
                38
            ],
            [
                5,
                559,
                71
            ],
            [
                39,
                42,
                476
            ]
        ],
        "classification_report": {
            "Low": {
                "precision": 0.8739255014326648,
                "recall": 0.8892128279883382,
                "f1-score": 0.8815028901734104,
                "support": 343.0
            },
            "Moderate": {
                "precision": 0.930116472545757,
                "recall": 0.8803149606299212,
                "f1-score": 0.9045307443365695,
                "support": 635.0
            },
            "High": {
                "precision": 0.8136752136752137,
                "recall": 0.8545780969479354,
                "f1-score": 0.8336252189141856,
                "support": 557.0
            },
            "accuracy": 0.8729641693811075,
            "macro avg": {
                "precision": 0.8725723958845452,
                "recall": 0.8747019618553983,
                "f1-score": 0.8732196178080551,
                "support": 1535.0
            },
            "weighted avg": {
                "precision": 0.8753078182899373,
                "recall": 0.8729641693811075,
                "f1-score": 0.8736558703051484,
                "support": 1535.0
            }
        }
    },
    "Naive Bayes": {
        "accuracy": 0.8410423452768729,
        "precision": 0.8436112185070752,
        "recall": 0.8410423452768729,
        "f1": 0.841902318036783,
        "auc": 0.9388317639639895,
        "mcc": 0.7552189077858273,
        "confusion_matrix": [
            [
                292,
                0,
                51
            ],
            [
                7,
                545,
                83
            ],
            [
                43,
                60,
                454
            ]
        ],
        "classification_report": {
            "Low": {
                "precision": 0.8538011695906432,
                "recall": 0.8513119533527697,
                "f1-score": 0.8525547445255475,
                "support": 343.0
            },
            "Moderate": {
                "precision": 0.9008264462809917,
                "recall": 0.8582677165354331,
                "f1-score": 0.8790322580645161,
                "support": 635.0
            },
            "High": {
                "precision": 0.7721088435374149,
                "recall": 0.8150807899461401,
                "f1-score": 0.7930131004366813,
                "support": 557.0
            },
            "accuracy": 0.8410423452768729,
            "macro avg": {
                "precision": 0.8422454864696833,
                "recall": 0.8415534866114477,
                "f1-score": 0.8415333676755816,
                "support": 1535.0
            },
            "weighted avg": {
                "precision": 0.8436112185070752,
                "recall": 0.8410423452768729,
                "f1-score": 0.841902318036783,
                "support": 1535.0
            }
        }
    },
    "Random Forest": {
        "accuracy": 0.898371335504886,
        "precision": 0.899932614457092,
        "recall": 0.898371335504886,
        "f1": 0.8988347408177991,
        "auc": 0.9796539038063359,
        "mcc": 0.8437499795984583,
        "confusion_matrix": [
            [
                312,
                0,
                31
            ],
            [
                5,
                576,
                54
            ],
            [
                35,
                31,
                491
            ]
        ],
        "classification_report": {
            "Low": {
                "precision": 0.8863636363636364,
                "recall": 0.9096209912536443,
                "f1-score": 0.897841726618705,
                "support": 343.0
            },
            "Moderate": {
                "precision": 0.9489291598023064,
                "recall": 0.9070866141732283,
                "f1-score": 0.927536231884058,
                "support": 635.0
            },
            "High": {
                "precision": 0.8524305555555556,