,PT08.S1(CO),C6H6(GT),PT08.S2(NMHC),NOx(GT),PT08.S3(NOx),NO2(GT),PT08.S4(NO2),PT08.S5(O3),T,RH,AH,hour,day_of_week,day_of_year,month
count,6139.0,6139.0,6139.0,6139.0,6139.0,6139.0,6139.0,6139.0,6139.0,6139.0,6139.0,6139.0,6139.0,6139.0,6139.0
mean,-4.4329348069085905e-16,-2.199106039980763e-17,-1.4004833201982752e-16,-1.5046515010394695e-17,1.0416818084119403e-16,1.4178446836718076e-16,1.689839378090481e-16,1.388909077882587e-16,-5.7871211578441126e-18,4.10885602206932e-17,-4.050984810490879e-17,5.671378734687231e-17,1.122701504621758e-16,5.902863581000995e-17,7.63899992835423e-17
std,1.000081456441303,1.0000814564413032,1.0000814564413032,1.0000814564413032,1.0000814564413032,1.0000814564413032,1.0000814564413032,1.0000814564413032,1.0000814564413032,1.0000814564413034,1.0000814564413032,1.0000814564413032,1.0000814564413034,1.0000814564413032,1.0000814564413034
min,-2.110283897303491,-4.677368433534673,-2.090503152664754,-1.1838752279527673,-1.9673089838743518,-2.3231017510788656,-2.5150699413179245,-1.9890499898184675,-4.655971556080778,-4.493718971560772,-4.745414782100449,-1.6961073003733127,-1.5212942150256585,-1.5632299203414528,-1.436624731356616
25%,-0.7736793430769786,0.06431243656429647,-0.787958295211414,-0.7186837406422415,-0.7046456850366387,-0.7326869406367413,-0.6803932968291219,-0.7518053779797698,0.039491841881523014,-0.09414489780784846,0.20231725645106224,-0.824326656220115,-1.0225371957443492,-0.8581505379697331,-0.8689471292841221
50%,-0.18013630374249334,0.1572410180459029,-0.11706359818738378,-0.3104544762676985,-0.10757234217539444,-0.10489162072537646,-0.0010403591854619945,-0.15600603091958135,0.17345656079628197,0.18383204623950913,0.2094793110928672,0.047453987933082566,-0.025023157181730357,-0.09740699383182488,-0.017430726175381092
75%,0.6286227231369388,0.29663389026831255,0.6622207713363506,0.42056071807741335,0.5110347933792061,0.606609741840837,0.6769002022884605,0.6439987375120426,0.33421422349399266,0.4363670326960915,0.21679794706355993,0.9192346320862802,0.9724908813808885,0.8859931973708369,0.8340856769333599
max,4.201208116383058,1.4489483006402324,4.726833490075253,5.305071334837933,7.276560934128256,4.60357327860986,3.7671792616737574,3.538910887542394,0.805323485010895,0.947090773962762,0.23983636211550813,1.645718502213945,1.471247900662198,1.7951745062185809,1.6856020800421008
